id,spoiler
0,Graham McMillan
1,1. Prioritise 2. Give in a way that is in your own interest and preserves your own energy resources. 3. Don't be afraid to refer work to other people when you don't have time. 4. Amplify your impact - look for ways to help many people in a single gesture.
2,have a Bunch of Money
3,"Braconid, meaning ""any of numerous wasps of the family Braconidae, the larvae of whichare parasitic on aphids and on the larvae of moths, butterflies, beetles."" Guess adjectives derived from proper nouns were fair game."
4,"1. Start by combining 1 cup salt and 1 cup sugar in a bowl. 2. Separate 4 egg yolks, saving the whites for another use. 3. Remove the egg yolks from the fridge after 4 days. 4. Place the yolks on a paper towel to drain and pat off any excess water. 5. At this point, the eggs yolks should be semi-firm and look sort of like dried apricots. 5. At this point, the eggs yolks should be semi-firm and look sort of like dried apricots"
5,John Williams
6,"1. Take a long, warm shower with sweet-smelling essential oils 2. Create the perfect ambience before you head over to sleep 3. Let your bed exclusively be for sleeping. 4. Read or listen to something soothing. 5. Tell yourself a story. 5. Tell yourself a story. 5. Tell yourself a story. 5. Tell yourself a story."
7,working dogs should never be pet or played with while they're working
8,Lord Ivar Mountbatten
9,saving isn't everything
10,"""Who is watching your kids?"""
11,authenticity
12,Celia Cruz's 88th birthday Monday
13,De Gea to the Bernabeu is a transfer rumour that seems destined to live in the gossip pages for eternity but the 25-year-old has given the most definitive statement yet on his intention to remain a Manchester United player as De Gea slammed the media for discussing the move without any genuine knowledge of what's going on.
14,'Homesick For Another World'
15,$116.8 billion
16,swine transformation represented the greed that took place during Japan's bubble economy of the 80s.
17,Sophia Al-Maria
18,1. Get an education 2. Say hello to risk 2. Say hello to risk 2. Say hello to risk 2. Say hello to risk 4. Get an education 5. Get an education 5. Get an education 5. Get an education 5. Get an education 5. Get an education 5. Get an education 5. Get an education 5. Get an education 5. Get an education 5. Get an education 5. Get an education 5. Get an education 5. Get an education 5. Get an education 5. Get an education 5. Get an education 5. Get an education 5. Get an education 5. Get an education 5. Get an education 5. Get an education 5.
19,Feline nails
20,Michael Sam
21,Danish
22,"A iPad Pro for £30, or an iPhone 6s for £40? Now it’s possible!"
23,long patent jacket
24,The Polished Man Project
25,"Gender matters not when you're rocking the Force like you are, baby!"
26,"The officers finished up their meals, but when they looked at the bill — a total of 123 dollars — they were stunned. And that’s before they even flipped it over and saw what was written on the back."
27,"Most Americans think climate change, and more frequent and severe natural disasters are linked"
28,"Despite losing big to Hillary Clinton in diverse, urban areas of south Florida, Trump dominated in every other corner of the state and outperformed past Republican candidates with older, white and blue collar voters."
29,Universal Basic Income
30,2. Educational attainment 3. Political empowerment 4. Health and survival
31,"""I’m not mad, I’m just disappointed."""
32,blame the consumer
33,"a glance at the Indeed, a glance at the page Amazon has set aside for the product simply gives you the depressing ""currently unavailable"" message."
34,textbooks
35,"while he listens to ""a bunch of different things"" at the gym, he keeps them all organized in one spot"
36,Laziness
37,Austin
38,amyotrophic lateral sclerosis
39,"""YInMn blue."""
40,artificial lens implants
41,strange object that looks like a green bottle
42,"""Parenthood,"""
43,New York City
44,a wood plank
45,Jason Aldean
46,Harry Potter and the Philosopher's Stone illustrations 5 show all Harry Potter and the Philosopher's Stone illustrations 1/5 Harry Potter and the Philosopher's Stone illustrations 1/5 Harry Potter and the Philosopher's Stone illustrations 1/5 Harry Potter and the Philosopher's Stone illustrations 1/5 Harry Potter and the Philosopher's Stone illustrations 1/5 Harry Potter and the Philosopher's Stone illustrations 1/5 Harry Potter and the Philosopher's Stone illustrations 1/5 Harry Potter and the Philosopher's Stone illustrations 1/5 Harry Potter and the
47,Counting the Hours I've Spent on the Internet
48,"I’m not giving away too much, I want people to see it first. Kinda can’t tell too much, but it was a great commercial. It’s gonna be a good commercial. I’m not giving away too much, I want people to see it first."
49,"Expo markers in bulk or boxes of Kleenex that should be supplied already? ESPECIALLY when those might not get used by my kids? Who thinks it should be my job to bring Ziploc bags to school? Well, then, haven’t I done a good deed for the year for less than the cost of a coffee? Well, then, haven’t I done a good deed for the year for less than the cost of a coffee? Well, then, haven’t I can afford more than that."
50,Rodgers earned the role on his talent alone
51,Thea: The Awakening
52,"1) Readers wanted to read about it 2) The show was consistently among the top five series we wrote about in terms of readership, and a well-timed thinkpiece always had the potential to blow up. 2) Readers wanted to read about it 2) The show was consistently among the top five series we wrote about in terms of readership, and a well-timed thinkpiece always had the potential to blow up."
53,"1. Eat legumes 2. Eat plant sterols, margarines and spreads 3. Eat a variety of vegetables."
54,Pennsylvania
55,Having a full stomach and dying of starvation is one of the cruelest ways any marine animal could perish.
56,40 percent of marriages involve one spouse who's been married before
57,Amber Galloway Gallego
58,"Kili the Senegal parrot has somehow managed to become a master at ""playing dead."""
59,Miley Cyrus
60,"Mrs. Thom at Bucklebury Primary School gave the stress-managing worksheet to her year 6 class, as they are preparing for their SATs (Standard Attainment Tests) this month."
61,Toggle off the option which allows to set the date and time of the device automatically
62,"10 percent of people didn't wash their hands after using the bathroom, and nearly one in four just rinsed with water"
63,Jussie Smollett
64,Fewer than one in five Republicans believe Trump has the right personality and temperament to serve as president
65,You're heading somewhere exciting and you just can't wait until you get there to share the news with your friends on social media
66,Delaware’s strict corporate secrecy laws and legal tax loopholes
67,Kevin Hart
68,HBO Go
69,"$25,000 per month"
70,‘Great Features’ and ‘Nasty Surprises’ are my regular columns investigating the latest software and hardware for the best features / biggest problems hidden behind the headlines. Nasty Surprise #1: Goodbye Sapphire?
71,"""It felt not only like I was invisible but, especially at that time when hormones are aflutter, like no one would really know what I was like for the rest of my life."""
72,Dress for the job you want
73,1. Museum of Modern Art 2. Metropolitan Museum of Arts 3. Guggenheim 4. The Whitney Museum of American Art 5. Musée du Louvre 5. Musée du Louvre 5. Musée du Louvre 5. Musée du Louvre 5. Musée du Louvre 5. Musée du Louvre 5. Musée du Louvre 5. Musée du Louvre 5. Musée du Louvre 5. Musée du Louvre 5. Musée du Louvre 5. Musée du Louvre 5. Musée du Louvre 5. Musée du Louvre 5. Musée du Louvre 5.
74,"A dietitian specializing in sports nutrition can provide advice about whether someone like your son can safely switch to a vegan, plant-based diet, and the best way to do that."
75,Thomas McFadden
76,it has a moon
77,Tokyo
78,Snapchat
79,"Losing a title sponsor, whether of a sporting venue or event these days, defines common. Being unable to replace one, especially for a popular golf tournament with international reach and a half-century of history, defines uncommon."
80,his daughter Ziva sitting on his lap
81,4 mm tumor in her brain
82,haircut short
83,plastic surgery
84,Countless aging celebs admit they avoided surgery and look 10 years younger thanks to Dr. Oz's simple advice.
85,HIIT workouts boost metabolism better than cardio alone
86,Katy Perry
87,Netherlands
88,body-shame Tetteh
89,the game’s setting didn’t get rejected
90,piece of foam with a photo of the thing I wanted printed on it
91,1. A SINGLE TABLESPOON HAS MORE SUGAR THAN A CHOCOLATE CHIP COOKIE 2. IT OVERPOWERS EVERYTHING IT TOUCHES 3. THAT GLOPPY TEXTURE IS FOUL 4. A CHOCOLATE CHIP COOKIE 4. A CHOCOLATE CHIP COOKIE 4. A CHOCOLATE CHIP COOKIE 4. A CHOCOLATE CHIP COOKIE 4. A CHOCOLATE CHIP COOKIE 4. A CHO
92,John D. Rockefeller
93,"The 1937 Bugatti Type 57S was found in the garage, amid piles of medical machinery, 1,500 beer steins, thousands of receipts and even a World War II spy drone."
94,Make America Great Again
95,Peter Pilotto
96,polycystic ovarian disorder in women and reduced sperm count in men
97,"""I had my full security, like, I was like, 'Find Donald Trump,'"" she told Norton. ""Cause I was just, I was adamant on finding him and then making a video of me going, 'Hey Trump, f*** you!'"""
98,"Nebraska allocates its electoral college votes not in the usual winner-take-all method, but by congressional district. So a Republican candidate can win in the state, but a Democratic candidate can still pick up electoral votes by winning over a district."
99,"Introducing what he billed as an ""energy plan,"" Trump promised to ""cancel the Paris Climate Plan."""
100,1. Adventurous Christmas: Chile Torres del Paine 2. Premium Christmas: Switzerland Car-free Zermatt (Canton Valais). 2. Premium Christmas: Switzerland Car-free Zermatt (Canton Valais).
101,___ SECOND WIND
102,"not taking into account sleeping time, Thai people spend the majority of their waking hours being completely sedentary"
103,"""Online multiplayer is broken, and players should avoid trying to use that game mode for now. ""Single-player and local multiplayer are not affected, and can be safely used. Be assured that we are working on fixing this currently and we will get a fix out as soon as practical."""
104,raw apple and raw lettuce
105,a wasp nest hidden beneath some plants in his front lawn
106,Alfredo
107,drinking a sniff
108,"I was diagnosed with acid reflux, diabetes and high blood pressure. I knew I needed to make a change but did I? No. I experimented with programs such as Weight Watchers and Medifast, the cabbage soup diet and Atkins. Within six months to a year of starting my diet, my weight would creep back up to my heaviest. Shopping for clothes was pure hell for me. I ate myself up to a size 5XL and 30-32 blouses, 28-32 pants and 50 bra. I couldn't hold my beautiful grandkids"
109,no properties were lost during a bushfire around the town of Gwindinup south-east of Bunbury
110,"Margaret Osuma Oshien from Siaya, Kenya"
111,Neil Woods
112,"seagull loitering at a food factory in Gloucestershire, England, fell into a vat of it this past Monday."
113,'Rita Hayworth and the Shawshank Redemption.'
114,Shamus Beaglehole
115,"There are a number of genealogy sites, educational institutions and companies that are willing to offer you further insight into what your DNA may reveal, as long as you’re willing to upload your DNA profile to them."
116,three
117,"1. He started out by filling all of these bread tins with water and food colouring. 2. He then left them out overnight during the snowstorm, so that they would freeze. 3. Using the snow as packing material to cement them together, he made this stunning colourful igloo."
118,M Night Shyamalan’s film is a superhero movie in the truest sense.
119,Receive a free burger (up to $10 value) with the purchase of an adult entree on Sunday at Ruby Tuesday (RT)
120,The sovereign-debt markets have devolved into a bizarro world of upside-down expectations. Yields on government bonds from all around the world have been plunging thanks to anxious investors buying them for their safety.
121,29-cent towel
122,J. Crew
123,"give every citizen $1,000 a month"
124,lack of parents in the films is just an easy way to allow the main characters to grow up
125,Alicia Machado
126,a watch
127,a dead whale
128,"""Destiny"""
129,"""I’m not a big fan of Xbox One and a half. If we’re going to move forward, I want to move forward in big numbers. For us, our box is doing well. It performs, it’s reliable, the servers are doing well. If we’re going to go forward with anything, like I said, I want it to be a really substantial change for people–an upgrade."""
130,"The new Visa cards provide members with 4% cash back on up to $7,000 of gas purchases annually, plus 3% back on restaurant and eligible travel purchases, 2% back for Costco purchases, and 1% back on everything else."
131,Ken Worrall asked to be disconnected from his life-giving machines
132,"""It is fun to play Kim Jong Un because it freaks people out. It freaks people out that they can't believe the dictator is in this part of the world. It is great being Kim Jong Un, but it is always nice to go back home and just be myself,"""
133,altered logos
134,lack of Internet access
135,frostbite
136,rumor that actress Jennifer Lawrence is being cast as Mulan in a Disney reboot
137,"Christine ""Tink"" Newman, 24, was unconscious and hypothermic when she was found on the morning of April 1 in Garibaldi Park near Whistler"
138,used condoms being discarded under beds and women flashing the porter instead of giving a tip
139,SRK gave a perfect answer to the user’s question and you surely will agree with him! Bad language...ill thoughts...rude ideas...negative radical views...I don’t need.
140,Jose Jose
141,$634 billion
142,"The unemployment rate in November fell to 4.6 percent, the lowest in nine years, the Labor Department said earlier this month."
143,Thousands of genes have evolved recently
144,the 22-year-old woman
145,0.2 percentage points
146,whale blubber
147,Sanatan Dharma Mandir
148,no
149,"""Daydreaming"""
150,he's not anti-Harry Potter
151,The Rock
152,Jackson Vroman
153,1. Ideas Have Consequences by Richard Weaver 2. The Road to Serfdom by F.A. Hayek 3. The Closing of the American Mind by Allan Bloom 4. A Choice Not An Echo by Phyllis Schlafly 4. A Choice Not An Echo by Phyllis Schlafly 4. A Choice Not An Echo by Phyllis Schlafly 4. A Choice Not An Echo by Phyllis Schlafly 4. A Choice Not An Echo by Phyllis Schlafly 4. A Choice Not An Echo by Allan
154,terahertz waves
155,She's not worth it
156,"Specific Foods That Can Affect Sleep Kiwi The kiwi or kiwifruit is a small, oval-shaped fruit popularly associated with New Zealand even though it is grown in numerous countries."
157,"no other vegetables, fruits, or even other proteins"
158,"Apply your foundation, blusher and concealer incorrectly can add decades to your looks"
159,Taran Killam
160,Idaho
161,"By engaging with a story, readers are temporarily placing themselves in a character’s shoes"
162,Katrina Henry
163,low IQ
164,77
165,"""synaptic pruning."""
166,"If the IOC does ban Russia, that’s enough medals to throw any Olympic predictions seriously out of whack. And many of the medals that might have otherwise gone to Russian athletes would likely go to competitors from the US, as they did at the 1984 Los Angeles Olympics that the Soviet Union boycotted: In the United States, the Russians won four to 16 more medals than his models predicted—meaning their wins were probably inflated by doping. And his numbers have been borne out: The Olympic committee has since reallocated 11 extra medals"
167,penis *innocent face*
168,1. Don't touch her bump 2. Don't ask if she has chosen a name 3. Don't look like a baby
169,being a single mom to daughter Jessica
170,"$765,759"
171,21
172,Oregon
173,"Almost every space pops with color. From the moment you walk in, you're greeted with a bright multi-colored chevron rug. You're also greeted by an incredible slide that was once a staircase"
174,Ronaldinho
175,"""Dumb and Dumber To"""
176,cancer diagnosis
177,"The drop in price seems reactionary, a reflection of some sellers’ fear that the market would implode."
178,tahini-cardamom squash pie
179,"""Extended hiatus' would leave people to believe that we think that we're coming back. We're breaking up, we're not going on an 'extended hiatus.'"
180,ravenous bear
181,60% recycled materials
182,Brussels sprouts
183,twisted the top off and got to slathering it on
184,Jimmy Smits
185,Windows isn’t going anywhere
186,How to Talk to a Woman Who is Wearing Headphones
187,rejecting a fans’s gift and calling it ‘shit’
188,"Beyond Good & Evil 2 The original Beyond Good & Evil came out in 2003. It’s a unique game that stars Jade, an investigative reporter who’s working on a case about a planet-wide alien conspiracy. She can kick serious butt when the situation dictates, but she’s also known to stop and photograph the fauna when she has a free moment."
189,Earlier this month another touchy guardsman steamrollered into a bystander. Consider yourself warned.
190,play-and-seek with her friends Saturday
191,Hillary Clinton
192,Michael Brain
193,ADELE
194,Luckily the veteran performer was able to literally shake off the awkward situation.
195,"Organic eggs, milk and salad greens can cost upwards of 60 percent more than conventional alternatives, while items like apples, carrots, granola and spinach carry premiums of between 7 and 30 percent, the study said."
196,Colorado
197,"234,000"
198,"It simply couldn't make enough toys to satiate demand in North America, and needed a break while it boosted capacity at its factories and increased its workforce by nearly a quarter"
199,Indiana Jones
200,an e-Passport contains an electronic chip. It is also known as biometric or digital passports. The chip holds the same information that is printed on the passport's data page.
201,1. The action’s going to pick back up in Fall of 1984. So plan accordingly by getting all your friends the correct walkie talkies to discuss the finer points of Steve’s hair. 2. Expect four brand new characters.
202,John Slattery is comfortable with a drink in his hand
203,black bag
204,he slowed his vehicle in a tree-covered section of the road.
205,"A 35-year-old man from Bhiwandi who used his four-wheeler to ferry school children, has been arrested for allegedly raping two minor girls for the last six months"
206,A talented Irish rower has died after falling in a freak accident just hours after winning a bronze medal at the World University Championships in Poland.
207,"The impossibility of lifetime abstinence is scaled down to the more workable task of not taking a drink for the next 24 hours, drastically reducing the size of a win necessary to maintain sobriety."
208,Chicago
209,"""I am here today to talk about a lie."""
210,"Nellie Bly's accounts (later collected in a book called Ten Days in a Mad-House) caused a sensation, fueled in no small part by her pluck—she'd begun her career by writing a scathing rebuttal to an editorial titled ""What Girls Are Good For"""
211,French fry
212,burnt bear bone
213,she got distracted by her own ‘erotic thoughts.’ Now that’s not an excuse you hear every day.
214,he grabbed it &started to fiddle with it
215,"The Cavaliers cannot win these NBA Finals. Frankly, they'd be lucky to win a game."
216,Eatsa
217,"Phase One Iron Man - $585,174,222 The Incredible Hulk - $263,427,551 Iron Man 2, bringing in $623,933,331 Thor - $449,326,618 Captain America: The First Avenger - $370,569,774 The Avengers - $1,518,594,910 Phase Two Iron Man 3 - $1,518,594,910 Thor: The Dark World - $774,176,600 Avengers: Age of Ultron"
218,1-999-367-3767
219,"Fifty-eight percent of adults ages 18 to 24 consider rising student debt levels in the United States a ""major problem,"" according to survey results released exclusively to The Huffington Post on Tuesday by the Harvard University Institute of Politics. Only 3 percent said it's not an issue at all, while 22 percent called it a ""minor problem."" Yet even among people who weren't enrolled in college, 54 percent still considered student debt a major issue."
220,"""Praise be to Allah that he became a martyr. It is the most beautiful kind of saintly death,"""
221,they still have not officially filed paperwork for a divorce
222,Chien Chih-cheng
223,"Taryn Bledsoe, 22-year-old Julia Grainger, 22-year-old Elizabeth Prier, and 21-year-old Hannah Seay, of Boone, were arrested late last week after the graffiti spree took place Jan. 21"
224,Emily Gardner
225,"$622,948"
226,"""Stay and play that Blink-182 song/ That we beat to death in Tuscon, okay."""
227,black long-sleeved shirt and some oversized sunglasses
228,"Ana, the kickass heal-sniper"
229,Charles Barkley says he stands by his criticism of the Cleveland Cavaliers' star player.
230,"Dr. Joshua Stephany is the Chief Medical Examiner for the case and just released a statement explaining why they broke protocol in placing the murderer’s body: ""The Pulse shooter was transported separately from the scene. His remains are being held in a separate building at the ME facility. The shooter’s autopsy was also conducted in another building, away from the victims."
231,pears
232,Blake McIver
233,catfish with pitchforks or spears
234,Paul Li
235,"1. Miley Cyrus 2. Drake Drake is a surprise at second place, especially on a list that also contains the name ""Beyonce."" 3. Kim Kardashian 4. Justin Bieber Le petit Canadian 5. Beyonce 5. Beyonce"
236,"S***, wrong words"
237,Caitlyn Cannon
238,Lola
239,Amy Schumer
240,right triangle has a hypotenuse equal to 10 and an altitude to the hypotenuse equal to 6. Find the area of the triangle.
241,polarization between Scotland and large parts of England who voted to stay and other parts of the U.K. Scottish First Minister Nicola Sturgeon said a [...]
242,finding your purpose is a proactive pursuit. Spend some time thinking about what your ideal day would be like. Spend some time thinking about what your ideal day would be like. Spend some time creating a personal vision for your life. Spend some time thinking about what your ideal day would be like. Spend some time thinking about what your ideal day would be like. Spend some time thinking about what your ideal day would be like. Spend some time thinking about what your ideal day would be like. Spend some time thinking about what your ideal day would be like. Spend
243,Quintin Conway
244,Emperor Palpatine's granddaughter
245,Superior mesenteric artery syndrome
246,identification of a new gene that contributes to the disease
247,"The ""Venus Holes"" are a sign of good circulation and a healthy body. Since ""Venus Holes"" are located in a place where there is no muscle, it’s impossible to create them with exercises."
248,"Athletes say they are using it to ease aches and pains, and to help with recovery from the physical toil of constant training and competing"
249,"Thousands of angry demonstrators have poured onto the streets, protesting against both the local electricity company and the Hamas-run Gaza power authority, demanding an immediate solution."
250,trees do relax their branches at night
251,there will always be exceptions
252,Berlin
253,"Pull a crinkle apart—it’s very dense, and very moist. Pull a crinkle apart—it’s very dense, and very moist."
254,stress and sleep deprivation
255,retired police officer
256,That little tab was not placed there to keep those sticks together
257,Egg cartons and plastic ice cube trays
258,Baylor University had mishandled sexual assault accusations against its football players
259,cut back the hedges
260,voting for a third-party or write-in candidate
261,watermelons are packed with nutrients that are beneficial and healthy for you. The small seeds resemble sunflower seeds in look and flavour. And it’s easy to eat them as a standalone snack or add them to your salads and tea.
262,Ben Bernanke
263,Jordan Klepper
264,"Using their technology will give a private tunnel between you and the internet that’s invisible to hackers or any malware, letting you browse the Internet anonymously and securely. Literally anyone can use it and it only takes 5 minutes to set up. So how can SaferWeb give this away?"
265,sleep deprivation
266,Feb. 24
267,"In very small amounts (say, a few teaspoons), and if the blood is free from pathogens (such as the many blood-borne diseases), blood might not harm you."
268,millennials are better at handling their money and talking about it with their partners
269,polymyalgia rheumatica
270,"The Cubs carried a 6-3 lead into the eighth inning, six outs away from a cathartic victory. But a double and a two-run home run by the Indians wiped out that lead and tied the game, and the deadlock held through the ninth inning. The rain came. Of course. The top of the 10th inning was delayed for about 15 minutes by a deluge. But once it let up, the Cubs poured it on in the 10th inning, scoring 2 runs to provide the cushion they needed."
271,Don’t Don’t! Just don’t
272,A Chinese takeout dish folds out to a nice little plate
273,"Buying a pet as for someone you care about is a wonderful idea over the holidays. It gives them a lifetime of companionship, and it gives a pet the chance to go to a loving home."
274,"""I live inside my own heart, Matt Damon."""
275,"Spike Jonze's ""Her"""
276,HERC2
277,KMTV
278,I made the decision to go blond as a way to untether my identity from my hair.
279,The MUSIC THE MYSTERIOUS ORIGINS THE MUSIC THE MUSIC THE MUSIC THE MUSIC THE MUSIC THE MUSIC THE MUSIC THE MUSIC THE MUSIC THE MUSIC THE MUSIC THE MUSIC THE MUSIC THE MUSIC THE MUSIC THE MUSIC THE MUSIC THE MUSIC THE MUSIC THE MUSIC THE MUSIC THE MUSIC THE MUSIC THE MUSIC THE MUSIC
280,"adding a teaspoon of coconut oil to boiling water with a half-cup of non-fortified white rice, letting it simmer for 20 to 40 minutes, then refrigerating it for 12 hours may reduce the number of calories your body takes in by 50 to 60 percent."
281,"1. There are many theories about why cats knead their paws into you, but many researchers agree that they’re trying to return the affection that you’re showing them. 2. Sure, it’s kind of gross when cats bring dead animals into the house, but they do it because they consider you family 3. When cats rub their head against you, they’re marking you as one of their own with the concentrated scent glands in their cheeks and head 4. A cat’s unending stare can be a little bit disconcerting, but they don’t like to make themselves"
282,#1. The coat hook on the wall looks inconspicuous at first glance. They look like ordinary hooks but are meant for a far darker purpose. Notice the double hooks. These are not usually the standard in coat hooks. Brick House Security #2. They can be easily attached to any wall in the home or places like a public bathroom.
283,self-made celebs for whom money is no object
284,Where Opportunity Knox
285,"""racial profiling"""
286,"""I think it’s hotter."""
287,"""Battle of the Bastards"""
288,lime green
289,Giancarlo Stanton
290,"Thiruvananthapuram, India"
291,crack cocaine
292,1. Ecuador  Gabrielle & Michel Therin-Weise/Getty Images 2. Nicaragua  Tan Yilmaz/Getty Images 3. Thailand  Ingolf Pompe/LOOK-foto/Getty Images 4. Belize  Kelowna
293,"Not getting enough sleep may cause changes to gut bacteria that could fundamentally change our metabolism, affecting a host of bodily systems."
294,"In the remake, Belle (Emma Watson) is more than a bold, beautiful bookworm and devoted daughter -- she’s also a teacher and inventor."
295,with an acoustic version
296,"perception of morality strengthens an argument, giving it more sway than opinions based on tradition or practicality."
297,The Simpsons
298,"The company wants you to change your last name to ""burger."""
299,Hot dogs
300,Peter Facinelli
301,Chris Pratt
302,Diagnostic medical sonographer
303,you could avoid going into certain professions
304,rosemary
305,"I think the way it worked when I took them was that they were out of 1,600, so maybe you'd get a 1,240 if you were a smarty-pants."
306,Spotify and Pandora’s streaming services
307,1. CHILI PEPPERS 2. CHILI PEPPERS 4. CHILI PEPPERS 4. CHILI PEPPERS 4. CHILI PEPPERS 4. CHILI PEPPERS 4. CHILI PEPPERS 4. CHILI PEPPERS 4. CHILI PEPPERS 4. CHILI PEPPERS 4. CHILI PEPPERS 4. CHILI PEPPERS 4. CHILI PEPPERS 4. CHILI PEPPERS 4. CHILI PEPPERS 4. CHILI PEPPERS 4.
308,Intrepid
309,poop every morning after you wake up
310,UCLA
311,"The chances that a stranger will abduct and kill or not return a child, the great fear driving the new norm, is about 0.00007 per cent or one in 1.4 million annually."
312,Capture the pigeon
313,"""Chal Na Katrina"""
314,"Feb. 25, for a fourth and second season respectively."
315,seven hours spent in deep sleep
316,"Then Taylor Swift discovered their song in the trailer for 'G.B.F.,' and that's why she invited them on stage to sing at her concert."
317,"""Come on down to the Muncie Animal Shelter to walk one of our dogs while you get your steps in! Just come to the front desk and say you are here for the Pokemon dogs!"""
318,"""I would bring back waterboarding and I’d bring back a hell of a lot worse than waterboarding."""
319,"President Trump will have the funding to build the wall, and he already has the authorization to do it pic.twitter.com/gCP91csxII Thursday on Fox News Channel’s ""Fox & Friends,"" House Speaker Paul Ryan explained that President Donald Trump already has the authorization to build a wall on the U.S.-Mexico border. But he added Congress also be giving him the funding to build the wall as well."
320,Hillary Clinton is a hawk and warmonger. People often point to her vote in 2002 for going to war in Iraq and her enthusiasm for it.
321,Damion Soward
322,Carrer Avinyó
323,he can be found roaming for the monsters until 2 a.m. to 5 a.m.
324,"a 74-year-old man with a bad limp knocked on the window. He handed her a plate of food and bottles of water for her family and let her know that a tow truck was on its way and that his wife was going to drive them home. The next day, the gentleman returned to her house with a mechanic and they made multiple repairs to her car."
325,"""choice."""
326,superfetation
327,Colin Quinn
328,messaging
329,shell partly covered in mud and dug around it
330,"spend an average of $1,427 in 2016, up from the $1,072 they spent last year"
331,collectibles
332,rebels opened fire on a convoy at one of the crossing points of the rebel-held enclave
333,Skara Brae
334,Sir Bradley Wiggins
335,it's possible to beat Watch Dogs 2 without ever firing a gun
336,Tony Romo
337,"Pokémon in Greater China will be officially called, or Jingling Baokemeng in Mandarin"
338,Whitney Thompson
339,homo sapiens
340,Grigori Rasputin
341,"essentially, anything that they don’t fully understand"
342,diet sodas
343,"""Captain Phillips,"""
344,a black panther creeps up behind him
345,a rag
346,Blue Lives Matter
347,850 hits
348,"""Do not open until your 1st disagreement."""
349,"if you swipe a chip card instead of inserting it into slot, the merchant is responsible for covering any fraudulent charges — not the bank. And some retailers aren't in a financial position to cover major security breaches, like that corner store you picked up a gallon of milk from in a pinch. That means you get stuck covering the snafu, according to Adam Levin, founder of Identity Theft 911 and author of Swiped. Most Popular"
350,"On all of our shoots, our stylists work with the stars to choose pieces they feel good in, and this is no different: Melissa loved this look, and is gorgeous on our cover."
351,there is no evidence that not washing jeans is hazardous to your health
352,Trump wasn’t on coke—he had clearly been snorting Adderall
353,white strips
354,knocking back a cold glass of milk
355,"The texts were sent in error and were intended for our manager, not the candidate."
356,Chris Crocker
357,slight increase in both heart attacks and deaths from heart attack in Quebec after a storm
358,motorcycle gloves
359,A number 7 with medium fries and a Coke!
360,Minnesota
361,"If you are dropping off your son’s forgotten lunch, books, homework, equipment, etc., please TURN AROUND and exit the building,"" the sign read."
362,"Whether it be local multiplayer in Sm4sh or online, the game stutters early and often."
363,They use sleight of hand and will check pockets without the victim knowing
364,Cecily Strong
365,"1. When it comes to food, you won’t just eat any old thing. 2. Because you’re partial to fancy hipster foods, like expensive artisanal bread. 3. However, you’ll happily skimp on other items to afford your luxurious foodie lifestyle. 4. You know exactly what you like to drink and won’t order anything else, even if it’s cheaper. 5. But no glasses? No problem! 6. When it comes to your appearance, you generally have two looks. 7. So depending on which one you’re medium-maintenance"
366,"the state's requirements on open meetings make it extremely difficult for lawmakers who represent rural areas, where officials have to travel hours to be in the same room, to accomplish anything"
367,airplanes are designed with general row positioning and spacing recommendations that align with the airplane windows
368,"Springfield, Oregon"
369,Norah
370,cross-network play
371,"""Pb"""
372,post-micturition convulsion syndrome
373,"a much smaller asteroid is heading towards Earth at a speed of 31,000 mph"
374,Where do you see yourself in five years
375,shaved orangutan with Owen Wilson's hair
376,Pat Patterson
377,Bullsh-tting
378,Yvette Nicole Brown
379,Florida
380,Rubeus Hagrid
381,Missouri
382,a stopwatch
383,Rudy Giuliani
384,"billions of different antibodies, each with a different shape"
385,BOOM – Portugal
386,white pepper
387,having anal sex
388,Mary-Kate and Ashley Olsen
389,Rotom
390,"""I don’t pretend to be an ordinary housewife. I am not and couldn’t be,"" the mom of four once remarked. And it was true — the actress was anything but ordinary."
391,‘The Chronicle editorial page does not typically endorse early in an election cycle; we prefer waiting for the campaign to play out and for issues to emerge and be addressed.
392,abandoned apartment complex
393,China is attempting to move from an economy based on investment in industrial manufacturing to one based on domestic consumption driven by regular Chinese people working in the services sector.
394,"poisoned with water hemlock may first appear nervous and pupils will dilate. This will progress to twitching, drooling, convulsions and seizures."
395,"The maid's co-worker told Kyle and Josh, who have also carried out kind deeds such as paying for people's gas and making an IHOP waitress's day, that he was shocked by how hardworking she is"
396,Christopher Suprun
397,Rachel Crawley
398,"The files are encrypted with a code so strong it’s unbreakable, even by governments."
399,Richard Belzer
